ville_norm,ville,region,pays
paris,Paris,Île-de-France,France
massy,Massy,Île-de-France,France
issy-les-moulineaux,Issy-les-Moulineaux,Île-de-France,France
courbevoie,Courbevoie,Île-de-France,France
reau,Réau,Île-de-France,France
saint-denis,Saint-Denis,Île-de-France,France
montreuil,Montreuil,Île-de-France,France
montrouge,Montrouge,Île-de-France,France
velizy,Vélizy,Île-de-France,France
ile-de-france,Île-de-France (ville non précisée),Île-de-France,France
lille,Lille,Hauts-de-France,France
bordeaux,Bordeaux,Nouvelle-Aquitaine,France
cannes,Cannes,Provence-Alpes-Côte d'Azur,France
marseille,Marseille,Provence-Alpes-Côte d'Azur,France
lyon,Lyon,Auvergne-Rhône-Alpes,France
saint-priest,Saint-Priest,Auvergne-Rhône-Alpes,France
rennes,Rennes,Bretagne,France
toulouse,Toulouse,Occitanie,France
chartres,Chartres,Centre-Val de Loire,France
bruxelles,Bruxelles,Bruxelles-Capitale,Belgique
leuven,Leuven,Flandre,Belgique
neuchatel,Neuchâtel,Neuchâtel,Suisse
geneve,Genève,Genève,Suisse
